sample,barcode1,barcode2,name,description
sample1,CAGGTTGCAG,CTTGTGCATGAA,timepoint1_S1_L001_R1_001.fastq,1
sample2,GATGTGGAAG,CTTGTGCATGAA,timepoint1_S1_L002_R1_001.fastq,2
sample3,ATGTTGAGAG,CTTGTGCATGAA,timepoint1_S1_L003_R1_001.fastq,3
sample4,AGATCTGTGG,CTTGTGCATGAA,timepoint1_S1_L004_R1_001.fastq,4
sample5,AATGAGTTGG,CTTGTGCATGAA,timepoint1_S1_L005_R1_001.fastq,5
sample6,GGTAGAATCA,CTTGTGCATGAA,timepoint1_S1_L006_R1_001.fastq,6
sample7,GGTCAGTTCG,CTTGTGCATGAA,timepoint1_S1_L007_R1_001.fastq,7
sample1,CAGGTTGCAG,GACCTTAACGTT,timepoint1_S2_L001_R1_001.fastq,1
sample2,GATGTGGAAG,GACCTTAACGTT,timepoint1_S2_L002_R1_001.fastq,2
sample3,ATGTTGAGAG,GACCTTAACGTT,timepoint1_S2_L003_R1_001.fastq,3
sample4,AGATCTGTGG,GACCTTAACGTT,timepoint1_S2_L004_R1_001.fastq,4
sample5,AATGAGTTGG,GACCTTAACGTT,timepoint1_S2_L005_R1_001.fastq,5
sample6,GGTAGAATCA,GACCTTAACGTT,timepoint1_S2_L006_R1_001.fastq,6
sample7,GGTCAGTTCG,GACCTTAACGTT,timepoint1_S2_L007_R1_001.fastq,7
sample1,CAGGTTGCAG,GAATGGTGTGTG,timepoint1_S3_L001_R1_001.fastq,1
sample2,GATGTGGAAG,GAATGGTGTGTG,timepoint1_S3_L002_R1_001.fastq,2
sample3,ATGTTGAGAG,GAATGGTGTGTG,timepoint1_S3_L003_R1_001.fastq,3
sample4,AGATCTGTGG,GAATGGTGTGTG,timepoint1_S3_L004_R1_001.fastq,4
sample5,AATGAGTTGG,GAATGGTGTGTG,timepoint1_S3_L005_R1_001.fastq,5
sample6,GGTAGAATCA,GAATGGTGTGTG,timepoint1_S3_L006_R1_001.fastq,6
sample7,GGTCAGTTCG,GAATGGTGTGTG,timepoint1_S3_L007_R1_001.fastq,7
